,loan_id,period,accepted_at,payday,interest_rate
0,0,12,2017-05-19 10:09:47.285105,25,3.120000000000000000
1,1,12,2017-05-18 20:27:41.197904,25,7.550000000000000000
2,2,12,2017-05-18 22:04:41.276742,25,7.550000000000000000
3,3,12,2017-05-17 23:47:24.822334,5,7.550000000000000000
4,4,9,2017-05-23 00:15:10.971618,15,7.490000000000000000
5,5,12,2017-05-19 08:42:43.162383,25,3.120000000000000000
6,6,9,2017-05-16 08:23:54.438467,15,7.490000000000000000
7,7,12,2017-05-22 17:17:49.956997,5,7.550000000000000000
8,8,12,2017-05-21 07:03:02.534999,15,7.550000000000000000
9,9,12,2017-05-23 12:33:22.614285,15,7.550000000000000000
10,10,12,2017-05-20 18:06:31.745289,5,7.550000000000000000
11,11,12,2017-05-22 13:36:45.830837,15,7.550000000000000000
12,12,12,2017-05-23 03:37:12.165040,15,7.550000000000000000
13,13,12,2017-05-17 15:49:31.353548,25,7.550000000000000000
14,14,12,2017-05-22 15:33:52.081956,15,7.550000000000000000
15,15,12,2017-05-22 01:59:30.835554,25,7.550000000000000000
16,16,12,2017-05-23 02:04:44.687607,25,3.120000000000000000
17,17,12,2017-05-16 23:12:51.607776,15,7.550000000000000000
18,18,12,2017-05-22 16:22:16.500782,15,7.550000000000000000
19,19,12,2017-05-19 10:32:40.832934,25,7.550000000000000000
20,20,12,2017-05-17 22:17:37.049563,25,7.550000000000000000
21,21,12,2017-05-19 01:36:29.827315,25,7.550000000000000000
22,22,12,2017-05-19 17:15:21.078208,25,7.550000000000000000
23,23,12,2017-05-20 22:38:23.015118,25,3.120000000000000000
24,24,12,2017-05-21 04:35:16.343674,25,7.550000000000000000
25,25,12,2017-05-18 11:52:56.718277,15,7.550000000000000000
26,26,12,2017-05-20 08:25:18.408591,15,7.550000000000000000
27,27,12,2017-05-19 01:18:35.204496,15,7.550000000000000000
28,28,12,2017-05-20 15:59:54.482102,25,3.120000000000000000
29,29,12,2017-05-19 08:59:35.354143,25,7.550000000000000000
30,30,12,2017-05-18 16:38:23.551571,25,7.550000000000000000
31,31,12,2017-05-22 06:36:06.121432,15,7.550000000000000000
32,32,12,2017-05-19 06:06:43.886481,25,7.550000000000000000
33,33,12,2017-05-18 19:11:52.937138,25,7.550000000000000000
34,34,6,2017-05-23 01:47:57.534326,25,3.680000000000000000
35,35,12,2017-05-22 11:47:43.545347,25,7.550000000000000000
36,36,12,2017-05-20 17:01:16.002279,15,7.550000000000000000
37,37,12,2017-05-18 21:44:27.074108,5,7.550000000000000000
38,38,12,2017-05-18 04:36:54.108796,25,7.550000000000000000
39,39,12,2017-05-17 09:15:16.477992,25,7.550000000000000000
40,40,12,2017-05-20 05:04:01.757889,5,7.550000000000000000
41,41,9,2017-05-17 05:20:21.963789,15,7.490000000000000000
42,42,12,2017-05-19 19:37:01.816817,25,7.550000000000000000
43,43,12,2017-05-19 21:46:39.984525,15,7.550000000000000000
44,44,12,2017-05-22 19:42:17.945428,15,7.550000000000000000
45,45,12,2017-05-19 14:13:58.091597,25,7.550000000000000000
46,46,12,2017-05-23 09:00:06.163775,15,7.550000000000000000
47,47,12,2017-05-19 19:35:56.974751,15,7.550000000000000000
48,48,9,2017-05-24 13:38:43.566961,15,7.490000000000000000
49,49,12,2017-05-21 03:48:26.109598,15,7.550000000000000000
50,50,12,2017-05-19 12:29:01.587818,25,7.550000000000000000
51,51,12,2017-05-24 07:18:04.543649,5,7.550000000000000000
52,52,12,2017-05-20 21:11:10.838153,5,3.120000000000000000
53,53,12,2017-05-23 08:48:32.318541,25,7.550000000000000000
54,54,12,2017-05-18 18:07:00.846632,5,7.550000000000000000
55,55,12,2017-05-21 03:05:44.205015,15,5.150000000000000000
56,56,6,2017-05-19 05:51:28.849744,15,3.680000000000000000
57,57,12,2017-05-22 02:31:45.093829,5,3.120000000000000000
58,58,12,2017-05-24 04:51:50.052938,15,7.550000000000000000
59,59,12,2017-05-22 01:39:58.144291,25,3.120000000000000000
60,60,12,2017-05-23 19:54:37.915856,15,3.120000000000000000
61,61,12,2017-05-24 03:51:15.760314,15,7.550000000000000000
62,62,12,2017-05-19 03:20:41.848071,25,7.550000000000000000
63,63,12,2017-05-19 04:20:23.998200,25,7.550000000000000000
64,64,12,2017-05-24 01:12:05.055573,5,7.550000000000000000
65,65,12,2017-04-07 20:21:43.847647,15,5.150000000000000000
66,66,12,2017-04-14 01:58:58.201788,25,5.150000000000000000
67,67,12,2017-04-14 02:04:13.436538,25,3.120000000000000000
68,68,12,2017-04-11 09:45:39.088204,25,7.550000000000000000
69,69,12,2017-04-16 23:40:08.209177,25,7.550000000000000000
70,70,12,2017-04-14 04:39:52.472874,15,3.120000000000000000
71,71,12,2017-04-17 05:22:41.941616,15,5.150000000000000000
72,72,12,2017-04-17 11:17:59.567699,5,7.550000000000000000
73,73,12,2017-04-12 20:14:36.262523,25,7.550000000000000000
74,74,12,2017-04-14 16:06:52.834904,15,3.120000000000000000
75,75,12,2017-05-21 04:28:02.382228,25,7.550000000000000000
76,76,12,2017-04-16 20:06:40.963065,25,7.550000000000000000
77,77,12,2017-04-12 00:57:27.582255,5,7.550000000000000000
78,78,12,2017-04-15 07:39:33.860135,25,3.120000000000000000
79,79,12,2017-04-11 19:53:19.961458,5,7.550000000000000000
80,80,12,2017-04-16 22:36:03.840777,5,7.550000000000000000
81,81,12,2017-04-14 03:29:00.645034,25,7.550000000000000000
82,82,12,2017-04-11 23:59:40.652935,25,7.550000000000000000
83,83,12,2017-04-12 04:59:33.338951,15,7.550000000000000000
84,84,12,2017-04-18 04:13:44.983950,15,7.550000000000000000
85,85,12,2017-04-16 05:25:07.120432,15,7.550000000000000000
86,86,12,2017-04-15 07:34:07.889797,15,7.550000000000000000
87,87,12,2017-04-12 16:18:13.823056,15,3.120000000000000000
88,88,12,2017-04-12 16:00:59.944455,15,7.550000000000000000
89,89,12,2017-04-14 08:22:45.417644,15,7.550000000000000000
90,90,6,2017-04-14 05:38:41.946076,25,8.010000000000000000
91,91,12,2017-04-12 13:59:24.414183,5,7.550000000000000000
92,92,12,2017-04-15 02:15:19.660664,25,7.550000000000000000
93,93,12,2017-04-13 15:27:43.645931,15,7.550000000000000000
94,94,12,2017-04-16 16:40:55.442107,15,7.550000000000000000
95,95,12,2017-04-16 12:23:50.123756,5,7.550000000000000000
96,96,12,2017-04-16 21:36:54.178864,15,7.550000000000000000
97,97,9,2017-04-14 19:15:40.535432,25,7.490000000000000000
98,98,9,2017-04-15 16:58:09.661432,25,7.490000000000000000
99,99,12,2017-04-13 21:08:42.238801,15,7.550000000000000000
100,100,12,2017-04-16 00:15:31.700653,15,7.550000000000000000
101,101,12,2017-04-18 09:53:46.334100,5,7.550000000000000000
102,102,12,2017-04-15 14:11:50.415276,15,7.550000000000000000
103,103,9,2017-04-16 04:29:25.444328,15,7.490000000000000000
104,104,12,2017-04-15 14:40:07.211115,15,7.550000000000000000
105,105,12,2017-04-14 11:28:48.042238,15,7.550000000000000000
106,106,9,2017-04-18 14:49:07.158176,25,7.490000000000000000
107,107,12,2017-04-20 06:05:01.805343,15,7.550000000000000000
108,108,12,2017-05-20 05:57:31.923093,25,7.550000000000000000
109,109,6,2017-04-16 07:03:30.290689,25,8.010000000000000000
110,110,12,2017-04-18 17:54:53.297704,15,7.550000000000000000
111,111,12,2017-04-19 21:55:54.297180,15,7.550000000000000000
112,112,12,2017-04-22 03:55:52.805140,15,7.550000000000000000
113,113,12,2017-04-21 21:42:49.829826,25,7.550000000000000000
114,114,12,2017-04-23 01:05:26.898433,25,3.120000000000000000
115,115,12,2017-04-19 11:19:42.455375,25,7.550000000000000000
116,116,12,2017-04-20 15:29:47.142689,5,3.120000000000000000
117,117,9,2017-04-18 02:39:36.067055,15,3.250000000000000000
118,118,12,2017-04-23 01:08:04.862182,5,7.550000000000000000
119,119,12,2017-04-18 06:54:59.941634,5,3.120000000000000000
120,120,12,2017-04-18 09:41:43.373808,25,7.550000000000000000
121,121,12,2017-04-21 23:38:02.476035,15,7.550000000000000000
122,122,9,2017-04-20 23:26:57.691484,15,7.490000000000000000
123,123,12,2017-04-24 19:52:34.013917,25,7.550000000000000000
124,124,12,2017-04-21 21:35:46.033946,15,7.550000000000000000
125,125,12,2017-04-24 17:18:42.195449,5,7.550000000000000000
126,126,12,2017-04-25 01:20:47.618593,5,7.550000000000000000
127,127,12,2017-04-25 09:29:42.052156,25,7.550000000000000000
128,128,12,2017-04-25 12:28:52.817071,15,7.550000000000000000
129,129,12,2017-04-23 23:29:16.714645,15,7.550000000000000000
130,130,12,2017-04-21 19:33:53.502973,15,7.550000000000000000
131,131,12,2017-04-19 05:04:59.864462,25,7.550000000000000000
132,132,12,2017-04-25 15:57:20.407512,25,7.550000000000000000
133,133,12,2017-04-22 14:11:55.920096,25,7.550000000000000000
134,134,12,2017-04-22 07:18:32.552099,5,7.550000000000000000
135,135,12,2017-04-23 23:08:38.934196,25,7.550000000000000000
136,136,12,2017-04-24 05:07:19.258503,25,7.550000000000000000
137,137,12,2017-04-21 17:03:23.367983,25,7.550000000000000000
138,138,9,2017-04-24 13:59:56.833331,15,7.490000000000000000
139,139,12,2017-04-26 02:44:16.240383,25,7.550000000000000000
140,140,12,2017-04-22 01:08:14.116539,25,3.120000000000000000
141,141,12,2017-04-20 11:38:18.013742,5,7.550000000000000000
142,142,12,2017-04-20 12:04:42.933290,15,7.550000000000000000
143,143,6,2017-05-23 11:18:30.994053,25,8.010000000000000000
144,144,12,2017-04-24 23:02:20.687303,15,7.550000000000000000
145,145,12,2017-04-26 05:11:08.406078,25,7.550000000000000000
146,146,12,2017-04-24 14:47:01.400631,25,7.550000000000000000
147,147,12,2017-04-19 23:14:25.808066,25,7.550000000000000000
148,148,12,2017-04-20 08:38:32.335804,5,7.550000000000000000
149,149,12,2017-04-22 13:33:21.861663,5,7.550000000000000000
150,150,12,2017-04-21 01:11:24.245514,25,7.550000000000000000
151,151,12,2017-04-20 21:18:57.307094,25,7.550000000000000000
152,152,12,2017-04-23 00:46:48.796925,15,7.550000000000000000
153,153,12,2017-04-20 05:05:52.939456,15,7.550000000000000000
154,154,12,2017-04-24 19:23:33.687719,15,7.550000000000000000
155,155,12,2017-04-22 14:08:34.927921,25,3.120000000000000000
156,156,12,2017-04-25 06:57:33.266210,25,7.550000000000000000
157,157,12,2017-04-22 05:01:19.827862,15,3.120000000000000000
158,158,12,2017-04-24 05:11:28.686518,25,7.550000000000000000
159,159,6,2017-04-27 10:03:43.987845,25,5.740000000000000000
160,160,12,2017-04-27 02:17:26.734985,15,7.550000000000000000
161,161,12,2017-04-24 09:40:49.274084,15,7.550000000000000000
162,162,12,2017-04-27 01:20:00.579696,15,7.550000000000000000
163,163,12,2017-04-22 22:15:09.765699,5,7.550000000000000000
164,164,12,2017-04-21 19:23:41.328555,25,7.550000000000000000
165,165,9,2017-04-24 21:39:45.959336,15,7.490000000000000000
166,166,12,2017-04-26 19:27:28.052458,5,3.120000000000000000
167,167,12,2017-04-22 18:16:12.656256,25,7.550000000000000000
168,168,12,2017-04-22 12:28:37.742946,15,7.550000000000000000
169,169,12,2017-04-24 10:23:41.214285,25,7.550000000000000000
170,170,12,2017-04-25 23:42:54.684542,15,7.550000000000000000
171,171,9,2017-04-30 18:46:57.648310,5,7.490000000000000000
172,172,12,2017-04-26 15:58:03.941940,15,3.120000000000000000
173,173,12,2017-04-30 17:05:48.361611,15,3.120000000000000000
174,174,12,2017-04-27 17:32:00.443390,25,7.550000000000000000
175,175,12,2017-04-26 04:18:25.048406,15,3.120000000000000000
176,176,12,2017-04-30 00:56:10.174478,25,7.550000000000000000
177,177,12,2017-04-24 15:19:56.920102,25,3.120000000000000000
178,178,12,2017-05-19 20:55:56.999763,15,7.550000000000000000
179,179,12,2017-04-29 09:21:20.876827,25,7.550000000000000000
180,180,12,2017-04-24 21:20:31.139027,5,7.550000000000000000
181,181,12,2017-04-30 18:55:45.859847,15,7.550000000000000000
182,182,12,2017-04-25 07:42:07.033800,5,7.550000000000000000
183,183,9,2017-04-26 16:25:06.997496,25,7.490000000000000000
184,184,12,2017-04-28 03:29:38.593657,15,7.550000000000000000
185,185,9,2017-04-26 14:10:56.445730,5,7.490000000000000000
186,186,12,2017-04-29 11:39:19.414134,15,7.550000000000000000
187,187,6,2017-04-30 21:11:08.665631,25,8.010000000000000000
188,188,6,2017-04-28 17:28:58.708016,25,8.010000000000000000
189,189,12,2017-04-25 05:48:01.942851,25,7.550000000000000000
190,190,9,2017-04-30 11:05:57.793158,5,7.490000000000000000
191,191,12,2017-04-28 20:03:41.779759,5,7.550000000000000000
192,192,12,2017-04-26 11:05:37.713854,15,7.550000000000000000
193,193,12,2017-04-27 23:08:48.462332,15,7.550000000000000000
194,194,12,2017-04-25 07:22:56.303161,15,7.550000000000000000
195,195,6,2017-04-26 08:11:28.206856,25,8.010000000000000000
196,196,12,2017-04-28 20:41:38.892675,15,7.550000000000000000
197,197,6,2017-04-26 00:59:01.383845,25,3.680000000000000000
198,198,9,2017-04-26 20:40:08.665724,15,3.250000000000000000
199,199,12,2017-04-25 00:20:52.130098,15,7.550000000000000000
200,200,12,2017-04-26 18:45:38.887920,15,7.550000000000000000
201,201,12,2017-04-29 03:55:02.493559,25,7.550000000000000000
202,202,12,2017-04-29 14:57:09.891331,15,7.550000000000000000
203,203,12,2017-04-26 01:09:46.321882,5,3.120000000000000000
204,204,12,2017-04-28 04:17:53.508888,15,7.550000000000000000
205,205,12,2017-04-27 11:56:45.210030,15,7.550000000000000000
206,206,6,2017-04-29 07:51:58.875097,25,8.010000000000000000
207,207,12,2017-05-01 18:48:28.813096,15,7.550000000000000000
208,208,12,2017-04-29 08:28:35.755585,25,7.550000000000000000
209,209,12,2017-04-28 17:54:08.672534,25,7.550000000000000000
210,210,12,2017-04-29 13:44:23.865964,15,7.550000000000000000
211,211,12,2017-05-01 06:42:42.623389,25,3.120000000000000000
212,212,12,2017-05-01 02:13:05.679545,25,7.550000000000000000
213,213,6,2017-05-22 12:58:10.170073,15,3.680000000000000000
214,214,12,2017-04-28 19:33:50.712137,5,7.550000000000000000
215,215,6,2017-05-01 17:21:26.164498,15,3.680000000000000000
216,216,12,2017-04-26 19:19:30.975839,25,7.550000000000000000
217,217,12,2017-04-30 14:48:07.306202,15,7.550000000000000000
218,218,12,2017-05-02 13:09:35.370751,15,7.550000000000000000
219,219,12,2017-05-01 23:51:56.366782,25,3.120000000000000000
220,220,12,2017-05-02 15:41:32.975919,15,7.550000000000000000
221,221,12,2017-04-30 00:47:42.462032,25,7.550000000000000000
222,222,12,2017-05-03 09:26:55.355762,25,7.550000000000000000
223,223,12,2017-04-27 19:10:26.191725,25,3.120000000000000000
224,224,6,2017-05-01 11:34:07.787311,15,3.680000000000000000
225,225,12,2017-04-27 06:45:42.335786,15,7.550000000000000000
226,226,12,2017-04-28 09:39:15.866810,25,7.550000000000000000
227,227,9,2017-04-29 03:46:25.799127,25,5.230000000000000000
228,228,6,2017-05-02 12:44:49.022390,5,8.010000000000000000
229,229,12,2017-04-26 23:58:04.754290,25,7.550000000000000000
230,230,6,2017-05-03 11:06:03.356149,15,8.010000000000000000
231,231,12,2017-05-03 09:13:59.305982,15,7.550000000000000000
232,232,9,2017-04-29 18:08:07.915265,15,7.490000000000000000
233,233,12,2017-05-03 00:36:43.095293,25,3.120000000000000000
234,234,12,2017-04-29 23:18:19.399271,25,7.550000000000000000
235,235,12,2017-05-01 13:07:59.315950,15,7.550000000000000000
236,236,12,2017-05-02 22:07:39.196502,25,7.550000000000000000
237,237,12,2017-05-01 20:28:18.616149,15,7.550000000000000000
238,238,9,2017-04-30 11:58:22.065912,25,7.490000000000000000
239,239,9,2017-04-29 00:50:09.400632,15,7.490000000000000000
240,240,12,2017-04-30 04:46:18.470481,5,7.550000000000000000
241,241,12,2017-04-30 08:21:37.349384,25,7.550000000000000000
242,242,12,2017-04-29 04:20:27.352588,15,7.550000000000000000
243,243,9,2017-05-02 02:06:28.475296,25,7.490000000000000000
244,244,12,2017-05-03 12:41:54.424692,15,7.550000000000000000
245,245,12,2017-04-29 12:15:30.968655,25,7.550000000000000000
246,246,12,2017-05-01 05:24:44.486642,5,7.550000000000000000
247,247,9,2017-05-21 21:00:41.814356,15,7.490000000000000000
248,248,12,2017-05-03 04:19:25.438309,15,7.550000000000000000
249,249,6,2017-05-04 21:57:30.952109,15,8.010000000000000000
250,250,12,2017-04-29 03:05:04.222997,25,3.120000000000000000
251,251,12,2017-04-29 18:00:10.690482,25,7.550000000000000000
252,252,9,2017-05-03 22:52:36.205978,5,3.250000000000000000
253,253,6,2017-05-04 05:13:44.217326,5,8.010000000000000000
254,254,9,2017-05-04 17:00:58.690107,25,7.490000000000000000
255,255,12,2017-05-08 00:39:55.238291,25,7.550000000000000000
256,256,6,2017-05-08 18:54:19.381526,25,8.010000000000000000
257,257,12,2017-05-04 15:05:49.530976,25,3.120000000000000000
258,258,12,2017-05-07 16:20:23.355720,25,7.550000000000000000
259,259,12,2017-05-08 18:14:20.830042,25,7.550000000000000000
260,260,12,2017-05-04 20:05:40.612308,15,7.550000000000000000
261,261,12,2017-05-03 05:08:30.842009,15,7.550000000000000000
262,262,12,2017-05-03 03:09:16.182504,5,7.550000000000000000
263,263,12,2017-05-05 04:08:39.015994,15,3.120000000000000000
264,264,12,2017-05-05 03:23:49.508485,15,7.550000000000000000
265,265,12,2017-05-08 06:53:03.062202,15,7.550000000000000000
266,266,9,2017-05-08 08:19:37.533172,25,7.490000000000000000
267,267,9,2017-05-04 06:01:39.546800,25,3.250000000000000000
268,268,12,2017-05-07 08:06:40.575028,25,7.550000000000000000
269,269,6,2017-05-10 08:48:53.878238,15,8.010000000000000000
270,270,12,2017-05-05 02:57:13.951543,25,7.550000000000000000
271,271,12,2017-05-08 17:34:52.038338,15,7.550000000000000000
272,272,12,2017-05-10 11:27:07.860182,25,7.550000000000000000
273,273,6,2017-05-04 02:48:33.646852,25,8.010000000000000000
274,274,12,2017-05-09 06:27:38.292692,15,7.550000000000000000
275,275,12,2017-05-04 11:39:53.510714,25,7.550000000000000000
276,276,12,2017-05-10 04:54:13.116888,25,7.550000000000000000
277,277,12,2017-05-09 04:31:17.774160,15,7.550000000000000000
278,278,12,2017-05-10 08:43:56.465874,15,7.550000000000000000
279,279,12,2017-05-09 01:47:58.297507,25,7.550000000000000000
280,280,12,2017-05-06 21:05:01.485812,5,3.120000000000000000
281,281,12,2017-05-07 12:03:28.057374,15,7.550000000000000000
282,282,12,2017-05-17 14:39:16.622265,25,7.550000000000000000
283,283,12,2017-05-05 08:09:32.957674,15,7.550000000000000000
284,284,12,2017-05-05 00:33:48.419848,5,7.550000000000000000
285,285,12,2017-05-08 17:30:30.157777,5,7.550000000000000000
286,286,6,2017-05-10 20:16:33.521729,25,8.010000000000000000
287,287,12,2017-05-06 22:53:45.541891,25,7.550000000000000000
288,288,12,2017-05-06 16:27:25.425601,15,7.550000000000000000
289,289,12,2017-05-08 06:46:28.457218,5,7.550000000000000000
290,290,12,2017-05-06 20:13:44.239662,25,7.550000000000000000
291,291,12,2017-05-05 21:20:35.214426,5,7.550000000000000000
292,292,12,2017-05-10 11:49:51.424777,25,7.550000000000000000
293,293,12,2017-05-06 10:39:07.466786,15,7.550000000000000000
294,294,12,2017-05-12 13:23:22.117055,15,7.550000000000000000
295,295,12,2017-05-11 03:48:47.937669,15,3.120000000000000000
296,296,12,2017-05-06 04:37:31.778584,15,3.120000000000000000
297,297,12,2017-05-07 17:26:18.386272,15,7.550000000000000000
298,298,12,2017-05-10 10:18:12.289560,25,7.550000000000000000
299,299,12,2017-05-11 02:18:04.827317,15,7.550000000000000000
300,300,12,2017-05-08 16:22:49.382341,15,3.120000000000000000
301,301,12,2017-05-12 06:46:36.601787,25,7.550000000000000000
302,302,12,2017-05-09 23:24:55.168521,25,3.120000000000000000
303,303,12,2017-05-06 11:54:55.421631,25,7.550000000000000000
304,304,12,2017-05-09 23:12:19.897147,25,7.550000000000000000
305,305,12,2017-05-12 04:55:38.088639,25,3.120000000000000000
306,306,12,2017-05-07 03:05:32.872037,15,7.550000000000000000
307,307,6,2017-05-06 12:37:19.112202,25,8.010000000000000000
308,308,12,2017-05-14 19:50:36.862050,5,7.550000000000000000
309,309,12,2017-05-12 07:10:31.160680,15,7.550000000000000000
310,310,12,2017-05-14 21:15:03.969176,5,7.550000000000000000
311,311,6,2017-05-09 15:47:00.857723,15,8.010000000000000000
312,312,12,2017-05-11 20:11:59.842681,15,7.550000000000000000
313,313,12,2017-05-09 05:04:56.785358,15,7.550000000000000000
314,314,12,2017-05-14 01:06:49.376146,25,7.550000000000000000
315,315,12,2017-05-14 04:29:52.699256,15,7.550000000000000000
316,316,12,2017-05-09 13:46:48.579965,15,7.550000000000000000
317,317,12,2017-05-19 20:58:05.594732,25,7.550000000000000000
318,318,12,2017-05-15 02:21:52.003061,15,7.550000000000000000
319,319,12,2017-05-12 11:52:49.221571,25,3.120000000000000000
320,320,12,2017-05-09 05:59:59.298641,25,7.550000000000000000
321,321,12,2017-05-11 01:22:28.235494,15,7.550000000000000000
322,322,12,2017-05-12 09:14:36.562379,25,7.550000000000000000
323,323,12,2017-05-10 05:14:06.848755,5,7.550000000000000000
324,324,6,2017-05-12 14:20:15.016011,5,3.680000000000000000
325,325,12,2017-05-10 10:44:31.818732,25,7.550000000000000000
326,326,12,2017-05-15 16:14:24.110437,15,7.550000000000000000
327,327,12,2017-05-11 06:30:22.222371,25,7.550000000000000000
328,328,12,2017-05-14 03:50:32.905294,15,7.550000000000000000
329,329,6,2017-05-12 10:49:33.444813,15,8.010000000000000000
330,330,12,2017-05-10 08:04:29.359354,15,7.550000000000000000
331,331,9,2017-05-13 11:49:04.079505,25,7.490000000000000000
332,332,6,2017-05-15 14:44:18.710436,15,8.010000000000000000
333,333,12,2017-05-15 21:17:34.946290,15,3.120000000000000000
334,334,12,2017-05-12 23:46:11.760048,25,3.120000000000000000
335,335,12,2017-05-11 19:51:14.840627,25,7.550000000000000000
336,336,12,2017-05-16 01:00:46.287894,25,3.120000000000000000
337,337,12,2017-05-15 08:01:55.589133,15,7.550000000000000000
338,338,12,2017-05-16 02:07:20.607876,5,7.550000000000000000
339,339,12,2017-05-13 20:01:34.371913,25,7.550000000000000000
340,340,12,2017-05-13 00:59:23.460020,15,7.550000000000000000
341,341,12,2017-05-14 02:19:12.224016,15,7.550000000000000000
342,342,12,2017-05-16 06:32:44.932543,25,7.550000000000000000
343,343,12,2017-05-14 02:18:08.155294,15,7.550000000000000000
344,344,12,2017-05-17 11:56:52.813796,15,7.550000000000000000
345,345,12,2017-05-16 06:30:34.801065,15,7.550000000000000000
346,346,12,2017-05-10 17:49:14.400386,15,7.550000000000000000
347,347,12,2017-05-12 06:37:25.884797,25,3.120000000000000000
348,348,12,2017-05-12 11:34:26.073964,15,7.550000000000000000
349,349,12,2017-05-14 13:57:20.170225,15,7.550000000000000000
350,350,12,2017-05-13 23:59:44.036158,15,7.550000000000000000
351,351,12,2017-05-11 14:54:11.234779,15,7.550000000000000000
352,352,12,2017-05-12 04:57:05.760127,5,3.120000000000000000
353,353,12,2017-05-13 18:00:26.802022,25,7.550000000000000000
354,354,12,2017-05-14 12:58:10.541043,25,7.550000000000000000
355,355,12,2017-05-11 23:17:21.198056,25,7.550000000000000000
356,356,12,2017-05-13 20:23:56.536152,15,7.550000000000000000
357,357,12,2017-05-11 21:15:08.379304,25,7.550000000000000000
358,358,12,2017-05-13 22:03:12.400943,15,7.550000000000000000
359,359,12,2017-05-15 23:43:49.937364,25,3.120000000000000000
360,360,12,2017-05-14 06:48:07.926962,5,3.120000000000000000
361,361,12,2017-05-13 23:51:28.804873,15,7.550000000000000000
362,362,12,2017-05-16 18:43:13.617359,25,7.550000000000000000
363,363,12,2017-05-13 04:17:43.287348,5,7.550000000000000000
364,364,12,2017-05-16 03:07:43.009175,15,7.550000000000000000
365,365,12,2017-05-16 01:16:45.309021,5,3.120000000000000000
366,366,12,2017-05-14 23:36:59.920942,15,7.550000000000000000
367,367,12,2017-05-13 23:10:49.066761,15,3.120000000000000000
368,368,9,2017-05-16 01:26:21.842863,25,7.490000000000000000
369,369,12,2017-05-16 19:21:10.981555,25,7.550000000000000000
370,370,12,2017-05-16 14:07:08.432964,25,5.150000000000000000
371,371,12,2017-05-18 17:15:51.263716,15,7.550000000000000000
372,372,12,2017-05-15 12:04:49.211947,15,3.120000000000000000
373,373,6,2017-05-14 02:39:22.917672,25,3.680000000000000000
374,374,9,2017-05-15 19:40:01.315712,25,7.490000000000000000
375,375,12,2017-05-12 23:12:28.420776,5,7.550000000000000000
376,376,12,2017-05-14 11:34:30.254921,25,7.550000000000000000
377,377,12,2017-05-14 06:02:48.528522,25,7.550000000000000000
378,378,12,2017-05-19 05:14:31.141616,15,7.550000000000000000
379,379,6,2017-05-19 09:47:59.221804,15,8.010000000000000000
380,380,12,2017-05-13 22:50:19.839836,15,3.120000000000000000
381,381,12,2017-05-17 04:23:25.726803,25,7.550000000000000000
382,382,6,2017-05-14 20:11:34.937917,5,8.010000000000000000
383,383,12,2017-05-14 17:13:14.201492,25,3.120000000000000000
384,384,12,2017-05-17 09:00:21.920100,15,7.550000000000000000
385,385,12,2017-05-18 11:34:16.329235,15,7.550000000000000000
386,386,12,2017-05-21 16:08:32.931105,5,7.550000000000000000
387,387,12,2017-05-14 05:59:17.941619,25,7.550000000000000000
388,388,12,2017-05-16 23:16:13.339574,5,7.550000000000000000
389,389,12,2017-05-18 01:17:13.977195,25,7.550000000000000000
390,390,12,2017-05-14 08:49:48.760149,15,7.550000000000000000
391,391,9,2017-05-18 19:02:49.635715,15,7.490000000000000000
392,392,12,2017-05-13 17:22:39.988318,25,7.550000000000000000
393,393,12,2017-05-18 08:23:46.559176,15,7.550000000000000000
394,394,12,2017-05-18 15:20:03.528299,15,7.550000000000000000
395,395,12,2017-05-19 10:18:57.508459,15,7.550000000000000000
396,396,12,2017-05-21 18:00:21.309110,15,7.550000000000000000
397,397,12,2017-05-17 00:52:50.472601,25,7.550000000000000000
398,398,12,2017-05-16 05:30:58.458638,25,7.550000000000000000
399,399,12,2017-05-22 02:38:27.250704,15,7.550000000000000000
400,400,6,2017-05-17 20:17:53.892744,25,8.010000000000000000
401,401,12,2017-05-22 02:51:01.984906,15,7.550000000000000000
402,402,12,2017-05-18 07:46:58.214518,15,7.550000000000000000
403,403,12,2017-05-23 20:42:54.049392,5,7.550000000000000000
404,404,12,2017-05-20 17:38:09.117052,5,5.150000000000000000
405,405,12,2017-05-24 01:29:10.326307,25,7.550000000000000000
406,406,12,2017-05-20 04:05:56.199006,25,7.550000000000000000
407,407,12,2017-05-18 00:34:09.379500,25,7.550000000000000000
408,408,12,2017-05-22 22:16:05.749894,25,7.550000000000000000
409,409,12,2017-05-20 20:28:18.356116,15,7.550000000000000000
410,410,12,2017-05-24 01:16:33.272170,15,7.550000000000000000
411,411,9,2017-05-24 01:20:58.858686,25,7.490000000000000000
412,412,12,2017-05-19 20:04:05.542781,25,7.550000000000000000
413,413,12,2017-05-24 02:52:11.552787,25,7.550000000000000000
414,414,12,2017-05-21 11:53:45.773386,25,7.550000000000000000
415,415,12,2017-05-25 06:33:59.414439,25,7.550000000000000000
416,416,12,2017-05-21 10:15:20.824530,15,7.550000000000000000
417,417,9,2017-05-23 00:29:38.198634,25,7.490000000000000000
418,418,9,2017-05-25 06:29:31.248898,15,7.490000000000000000
419,419,12,2017-05-23 11:17:49.721679,25,7.550000000000000000
420,420,12,2017-05-19 21:55:40.540339,25,7.550000000000000000
421,421,12,2017-05-19 01:11:13.939304,15,7.550000000000000000
422,422,12,2017-05-21 05:38:26.243884,25,7.550000000000000000
423,423,12,2017-05-25 19:07:50.103428,25,7.550000000000000000
424,424,12,2017-05-22 16:03:37.489585,15,7.550000000000000000
425,425,9,2017-05-20 22:27:18.529471,15,7.490000000000000000
426,426,12,2017-05-22 04:30:31.405393,25,7.550000000000000000
427,427,12,2017-05-25 19:40:53.694519,25,7.550000000000000000
428,428,12,2017-05-26 08:26:52.900137,5,7.550000000000000000
429,429,6,2017-05-25 06:18:18.683238,15,8.010000000000000000
430,430,12,2017-05-22 02:02:58.793256,25,7.550000000000000000
431,431,12,2017-05-19 23:52:18.616488,25,7.550000000000000000
432,432,12,2017-05-23 14:11:45.401913,15,7.550000000000000000
433,433,12,2017-05-22 17:35:57.184965,15,7.550000000000000000
434,434,12,2017-05-20 17:04:43.794811,15,7.550000000000000000
435,435,12,2017-05-25 17:01:39.521383,25,7.550000000000000000
436,436,12,2017-05-24 12:25:39.944197,15,7.550000000000000000
437,437,12,2017-05-25 10:29:14.066668,25,7.550000000000000000
438,438,12,2017-05-26 10:49:20.792666,25,7.550000000000000000
439,439,12,2017-05-20 11:11:07.028303,25,7.550000000000000000
440,440,12,2017-05-21 09:52:38.134170,15,7.550000000000000000
441,441,12,2017-05-25 05:02:08.240098,15,7.550000000000000000
442,442,12,2017-05-22 15:22:15.511338,25,7.550000000000000000
443,443,12,2017-05-21 16:16:55.792592,15,7.550000000000000000
444,444,12,2017-05-25 22:15:22.631764,5,7.550000000000000000
445,445,6,2017-05-28 15:59:19.381725,15,3.680000000000000000
446,446,12,2017-05-29 02:47:41.692709,15,7.550000000000000000
447,447,12,2017-05-26 09:06:17.894990,25,7.550000000000000000
448,448,12,2017-05-26 11:26:39.141515,5,7.550000000000000000
449,449,12,2017-05-29 08:09:45.742584,5,7.550000000000000000
450,450,12,2017-05-30 01:14:41.745922,25,7.550000000000000000
451,451,12,2017-05-29 13:30:35.914558,25,7.550000000000000000
452,452,12,2017-05-27 09:50:16.147389,15,7.550000000000000000
453,453,12,2017-05-23 22:20:26.965167,25,7.550000000000000000
454,454,12,2017-05-22 18:53:07.213290,25,3.120000000000000000
455,455,9,2017-05-26 10:16:06.814226,25,7.490000000000000000
456,456,12,2017-05-20 17:44:42.148993,5,7.550000000000000000
457,457,12,2017-05-22 20:29:10.699646,15,7.550000000000000000
458,458,12,2017-05-25 01:21:52.362840,15,7.550000000000000000
459,459,12,2017-05-28 00:20:37.061201,25,7.550000000000000000
460,460,12,2017-05-26 19:22:42.279237,15,7.550000000000000000
461,461,12,2017-05-25 08:22:50.554171,25,7.550000000000000000
462,462,12,2017-05-24 14:26:44.584464,25,3.120000000000000000
463,463,12,2017-05-27 20:37:43.250760,25,7.550000000000000000
464,464,9,2017-05-26 22:58:37.907218,25,7.490000000000000000
465,465,12,2017-05-24 08:27:12.301422,25,7.550000000000000000
466,466,12,2017-05-24 04:35:06.144535,5,3.120000000000000000
467,467,12,2017-05-23 11:33:11.864884,15,7.550000000000000000
468,468,12,2017-05-27 16:54:03.349559,15,7.550000000000000000
469,469,12,2017-05-24 01:21:10.711678,15,7.550000000000000000
470,470,12,2017-05-25 03:28:33.204996,25,7.550000000000000000
471,471,12,2017-05-27 23:53:32.882093,5,7.550000000000000000
472,472,12,2017-05-28 08:58:23.614861,25,7.550000000000000000
473,473,6,2017-05-28 04:34:53.592951,15,8.010000000000000000
474,474,12,2017-05-26 20:33:26.349495,25,7.550000000000000000
475,475,12,2017-05-28 20:45:08.611181,5,7.550000000000000000
476,476,9,2017-05-23 07:20:37.717456,25,7.490000000000000000
477,477,12,2017-05-26 22:33:52.805478,25,7.550000000000000000
478,478,12,2017-05-23 04:46:32.305409,25,3.120000000000000000
479,479,12,2017-05-23 03:47:07.138966,15,7.550000000000000000
480,480,12,2017-05-29 02:23:30.290952,15,7.550000000000000000
481,481,12,2017-05-24 04:58:53.954404,25,7.550000000000000000
482,482,12,2017-05-25 09:21:36.452843,15,7.550000000000000000
483,483,12,2017-05-28 18:14:35.242772,25,7.550000000000000000
484,484,12,2017-05-29 17:46:47.845090,5,7.550000000000000000
485,485,6,2017-05-24 05:39:55.009727,25,8.010000000000000000
486,486,12,2017-05-23 21:44:27.806861,15,7.490000000000000000
487,487,12,2017-05-28 09:08:44.172550,25,7.550000000000000000
488,488,12,2017-05-30 10:14:58.228357,5,7.550000000000000000
489,489,12,2017-05-24 07:39:09.644190,25,7.550000000000000000
490,490,12,2017-05-30 17:07:25.513222,15,7.550000000000000000
491,491,12,2017-05-28 20:02:27.040177,15,7.550000000000000000
492,492,12,2017-05-25 06:13:46.270512,5,3.120000000000000000
493,493,12,2017-05-26 16:03:09.327877,15,7.550000000000000000
494,494,12,2017-05-28 06:00:11.248333,25,7.550000000000000000
495,495,12,2017-05-30 06:24:09.361107,5,7.550000000000000000
496,496,12,2017-05-28 22:56:37.290238,15,7.550000000000000000
497,497,12,2017-05-28 05:16:06.816849,15,7.550000000000000000
498,498,12,2017-05-26 15:25:33.656689,15,7.550000000000000000
499,499,12,2017-05-24 21:27:22.654832,25,7.550000000000000000
500,500,12,2017-05-27 04:23:57.869250,15,7.550000000000000000
501,501,12,2017-05-28 14:18:07.342446,15,7.550000000000000000
502,502,12,2017-05-25 14:10:41.109923,25,7.550000000000000000
503,503,12,2017-05-27 13:22:57.066116,25,7.550000000000000000
504,504,9,2017-05-29 07:40:41.300963,25,7.490000000000000000
505,505,12,2017-05-29 01:36:09.377450,15,7.550000000000000000
506,506,12,2017-05-27 20:24:09.219203,15,7.550000000000000000
507,507,12,2017-05-29 18:32:14.558048,25,7.550000000000000000
508,508,12,2017-05-29 09:05:50.334439,15,7.550000000000000000
509,509,12,2017-05-24 05:19:37.564797,15,7.550000000000000000
510,510,12,2017-05-29 07:03:26.449467,5,7.550000000000000000
511,511,12,2017-05-31 04:32:41.716617,25,7.550000000000000000
512,512,12,2017-05-25 03:42:05.247036,15,7.550000000000000000
513,513,12,2017-05-28 07:51:33.947549,25,7.550000000000000000
514,514,12,2017-05-24 20:02:06.577467,25,7.550000000000000000
515,515,6,2017-05-30 13:22:11.755995,25,8.010000000000000000
516,516,12,2017-05-31 15:57:53.772120,25,7.550000000000000000
517,517,12,2017-05-25 09:12:45.432759,25,7.550000000000000000
518,518,12,2017-05-30 16:29:49.850240,25,7.550000000000000000
519,519,12,2017-05-27 19:54:06.069231,25,7.550000000000000000
520,520,12,2017-05-26 08:04:25.574977,25,7.550000000000000000
521,521,12,2017-05-27 12:04:41.096209,15,7.550000000000000000
522,522,12,2017-05-29 04:54:01.837785,15,7.550000000000000000
523,523,12,2017-05-28 14:30:04.303512,25,7.550000000000000000
524,524,12,2017-06-16 07:58:58.084931,15,7.550000000000000000
525,525,12,2017-06-20 00:36:36.210695,25,7.550000000000000000
526,526,6,2017-05-28 08:11:35.430958,25,8.010000000000000000
527,527,6,2017-05-28 12:35:14.052094,15,8.010000000000000000
528,528,12,2017-05-26 12:56:18.673040,25,7.550000000000000000
529,529,12,2017-05-31 20:23:04.197617,5,7.550000000000000000
530,530,12,2017-05-29 14:30:02.853557,25,7.550000000000000000
531,531,12,2017-05-29 21:58:48.720026,15,7.550000000000000000
532,532,12,2017-05-27 02:49:14.412096,15,7.550000000000000000
533,533,12,2017-05-31 11:03:12.313406,15,3.120000000000000000
534,534,12,2017-05-28 10:20:35.868403,15,7.550000000000000000
535,535,12,2017-05-30 23:23:04.803943,25,3.120000000000000000
536,536,12,2017-05-28 22:57:12.074746,15,7.550000000000000000
537,537,12,2017-05-28 08:36:07.503733,25,7.550000000000000000
538,538,12,2017-05-28 00:59:12.406569,15,7.550000000000000000
539,539,12,2017-05-28 23:06:21.673258,25,7.550000000000000000
540,540,12,2017-05-28 23:22:43.959800,15,7.550000000000000000
541,541,12,2017-05-31 19:49:49.379221,25,7.550000000000000000
542,542,12,2017-06-01 06:26:47.840624,25,7.550000000000000000
543,543,12,2017-05-29 06:46:49.063698,25,7.550000000000000000
544,544,12,2017-05-28 16:10:04.173684,5,7.550000000000000000
545,545,6,2017-05-28 15:23:32.600500,15,8.010000000000000000
546,546,12,2017-05-27 23:40:13.765842,25,7.550000000000000000
547,547,12,2017-05-30 23:03:05.162945,15,7.550000000000000000
548,548,12,2017-06-01 04:52:26.318973,15,7.550000000000000000
549,549,12,2017-05-31 03:39:50.763644,25,7.550000000000000000
550,550,12,2017-06-01 04:24:15.947660,15,7.550000000000000000
551,551,12,2017-06-01 05:54:20.938451,25,7.550000000000000000
552,552,12,2017-05-30 09:02:26.908572,25,3.120000000000000000
553,553,12,2017-05-28 23:27:21.058076,5,7.550000000000000000
554,554,9,2017-05-27 05:28:09.769892,25,7.490000000000000000
555,555,12,2017-05-30 23:55:42.469921,25,7.550000000000000000
556,556,12,2017-05-26 20:10:54.053298,15,7.550000000000000000
557,557,12,2017-05-30 03:35:32.928017,25,7.550000000000000000
558,558,12,2017-06-01 18:40:11.886684,5,7.550000000000000000
559,559,12,2017-05-27 11:33:09.363839,15,7.550000000000000000
560,560,12,2017-05-30 02:42:36.903634,25,7.550000000000000000
561,561,12,2017-05-29 06:39:21.731657,5,7.550000000000000000
562,562,12,2017-05-31 04:24:42.859004,25,7.550000000000000000
563,563,12,2017-05-29 15:42:30.585786,25,7.550000000000000000
564,564,12,2017-05-31 16:40:12.822581,15,7.550000000000000000
565,565,12,2017-06-01 17:24:25.559476,15,7.550000000000000000
566,566,12,2017-05-31 15:43:53.157522,25,5.150000000000000000
567,567,12,2017-05-26 15:55:31.200831,5,3.120000000000000000
568,568,12,2017-05-27 16:38:37.186309,15,7.550000000000000000
569,569,12,2017-05-29 12:31:12.503952,25,3.120000000000000000
570,570,12,2017-05-29 15:24:47.613540,25,7.550000000000000000
571,571,12,2017-05-26 16:44:15.310134,25,7.550000000000000000
572,572,12,2017-05-31 21:02:25.692845,25,7.550000000000000000
573,573,12,2017-05-31 04:33:14.044867,15,7.550000000000000000
574,574,12,2017-05-31 22:03:05.448125,25,7.550000000000000000
575,575,9,2017-05-27 16:56:39.548887,5,7.490000000000000000
576,576,12,2017-05-30 06:02:55.983387,25,7.550000000000000000
577,577,9,2017-05-28 12:30:19.433275,15,7.490000000000000000
578,578,12,2017-06-01 12:22:22.497227,15,7.550000000000000000
579,579,12,2017-06-02 01:29:02.446372,15,7.550000000000000000
580,580,12,2017-05-27 05:59:23.352475,25,7.550000000000000000
581,581,12,2017-05-29 06:23:47.601642,25,7.550000000000000000
582,582,12,2017-05-31 21:59:58.827502,25,7.550000000000000000
583,583,12,2017-05-28 22:48:16.653548,15,7.550000000000000000
584,584,6,2017-06-02 13:25:20.029968,5,8.010000000000000000
585,585,12,2017-05-28 13:04:10.034913,5,7.550000000000000000
586,586,12,2017-06-01 22:26:51.972372,15,7.550000000000000000
587,587,12,2017-06-02 13:51:07.445975,15,7.550000000000000000
588,588,12,2017-06-01 23:06:44.691015,15,7.550000000000000000
589,589,12,2017-05-29 07:20:20.255549,15,7.550000000000000000
590,590,12,2017-05-30 16:37:09.004162,15,7.550000000000000000
591,591,12,2017-06-03 00:59:55.694079,5,7.550000000000000000
592,592,12,2017-05-28 03:16:35.205694,15,7.550000000000000000
593,593,12,2017-05-28 20:39:15.289803,25,3.120000000000000000
594,594,12,2017-06-03 08:58:14.650723,5,7.550000000000000000
595,595,12,2017-06-02 01:07:23.270769,25,7.550000000000000000
596,596,12,2017-06-04 19:51:13.595673,15,7.550000000000000000
597,597,12,2017-06-04 08:30:13.866444,15,7.550000000000000000
598,598,12,2017-05-31 08:39:17.965516,15,7.550000000000000000
599,599,12,2017-06-01 23:31:23.394590,5,7.550000000000000000
600,600,12,2017-06-04 08:48:15.095634,25,7.550000000000000000
601,601,12,2017-06-02 16:39:41.850899,15,5.150000000000000000
602,602,12,2017-06-05 07:58:35.238322,5,7.550000000000000000
603,603,12,2017-05-31 15:50:37.501328,25,7.550000000000000000
604,604,12,2017-05-30 11:01:40.506150,15,7.550000000000000000
605,605,12,2017-06-01 12:42:01.612337,15,7.550000000000000000
606,606,12,2017-05-30 07:35:48.279502,25,7.550000000000000000
607,607,12,2017-06-02 02:04:33.792373,25,7.550000000000000000
608,608,12,2017-06-02 02:20:08.987417,15,7.550000000000000000
609,609,12,2017-05-29 23:06:09.407610,15,7.550000000000000000
610,610,12,2017-06-03 15:12:27.812272,5,7.550000000000000000
611,611,12,2017-06-01 11:40:27.182814,25,7.550000000000000000
612,612,12,2017-06-01 07:08:15.144242,25,7.550000000000000000
613,613,6,2017-05-31 23:12:03.310287,5,8.010000000000000000
614,614,12,2017-06-01 21:28:51.501078,25,7.550000000000000000
615,615,12,2017-06-05 06:50:35.381836,25,7.550000000000000000
616,616,12,2017-06-02 08:54:29.279679,25,7.550000000000000000
617,617,12,2017-06-05 10:54:10.717276,25,7.550000000000000000
618,618,12,2017-06-06 02:25:20.134085,25,7.550000000000000000
619,619,12,2017-05-31 20:15:33.910379,25,3.120000000000000000
620,620,12,2017-06-04 21:13:00.415028,25,7.550000000000000000
621,621,12,2017-06-03 19:49:31.746751,25,7.550000000000000000
622,622,12,2017-06-06 00:35:15.033118,25,7.550000000000000000
623,623,12,2017-06-06 16:35:56.787560,25,3.120000000000000000
624,624,12,2017-06-04 20:11:13.715664,15,7.550000000000000000
625,625,12,2017-06-05 08:50:00.216355,5,3.120000000000000000
626,626,12,2017-06-03 13:06:06.372340,15,7.550000000000000000
627,627,12,2017-06-06 18:53:58.020995,15,7.550000000000000000
628,628,12,2017-06-02 11:38:41.439456,25,3.120000000000000000
629,629,12,2017-06-03 04:34:58.225794,25,7.550000000000000000
630,630,12,2017-06-05 18:52:01.512475,15,7.550000000000000000
631,631,12,2017-06-05 16:18:16.468567,25,3.120000000000000000
632,632,12,2017-06-04 10:27:08.087763,25,7.550000000000000000
633,633,12,2017-06-04 11:14:42.932910,5,3.120000000000000000
634,634,12,2017-06-05 21:38:44.541983,15,7.550000000000000000
635,635,6,2017-06-04 17:59:33.163914,15,8.010000000000000000
636,636,12,2017-06-02 17:03:31.611169,15,7.550000000000000000
637,637,9,2017-06-02 21:26:24.396407,25,7.490000000000000000
638,638,12,2017-06-02 07:46:14.402291,15,7.550000000000000000
639,639,12,2017-06-04 14:43:41.203059,15,7.550000000000000000
640,640,12,2017-06-02 19:32:52.533699,15,7.550000000000000000
641,641,12,2017-06-03 04:34:25.273289,5,7.550000000000000000
642,642,12,2017-06-04 08:17:29.082875,5,7.550000000000000000
643,643,12,2017-06-05 15:32:52.014647,15,7.550000000000000000
644,644,12,2017-06-04 08:22:36.957063,25,7.550000000000000000
645,645,12,2017-06-04 19:08:13.834836,15,3.120000000000000000
646,646,12,2017-06-03 20:00:34.112505,15,7.550000000000000000
647,647,12,2017-06-04 18:11:38.346509,15,7.550000000000000000
648,648,12,2017-06-01 00:50:23.067766,15,7.550000000000000000
649,649,12,2017-06-05 03:58:00.254562,15,3.120000000000000000
650,650,12,2017-06-06 13:28:54.803748,25,7.550000000000000000
651,651,9,2017-06-02 12:04:47.411091,5,7.490000000000000000
652,652,12,2017-06-03 03:28:17.474947,15,7.550000000000000000
653,653,12,2017-06-02 13:08:04.583866,25,7.550000000000000000
654,654,12,2017-06-06 10:57:21.030630,5,7.550000000000000000
655,655,12,2017-06-04 02:25:03.165893,25,7.550000000000000000
656,656,12,2017-06-01 13:51:44.213545,25,7.550000000000000000
657,657,12,2017-06-07 01:24:52.913538,25,7.550000000000000000
658,658,12,2017-06-01 16:55:57.788421,15,7.550000000000000000
659,659,12,2017-06-04 05:19:20.351985,15,7.550000000000000000
660,660,6,2017-06-06 15:19:38.047880,15,8.010000000000000000
661,661,12,2017-06-08 06:38:58.160258,25,3.120000000000000000
662,662,12,2017-06-04 13:17:24.332073,5,7.550000000000000000
663,663,12,2017-06-03 03:29:01.368751,25,7.550000000000000000
664,664,6,2017-06-05 23:18:07.949135,25,8.010000000000000000
665,665,12,2017-06-03 03:02:54.266463,25,7.550000000000000000
666,666,12,2017-06-08 17:46:58.446169,15,7.550000000000000000
667,667,12,2017-06-05 06:17:25.201989,15,3.120000000000000000
668,668,12,2017-06-08 10:33:37.228760,25,7.550000000000000000
669,669,12,2017-06-07 18:57:20.967269,15,7.550000000000000000
670,670,12,2017-06-05 08:27:20.692008,25,7.550000000000000000
671,671,12,2017-06-07 13:09:14.664058,25,7.550000000000000000
672,672,12,2017-06-02 12:30:19.367402,15,7.550000000000000000
673,673,6,2017-06-03 03:54:12.536501,25,8.010000000000000000
674,674,12,2017-06-03 14:04:42.843016,5,7.550000000000000000
675,675,12,2017-06-07 12:18:06.044826,15,7.550000000000000000
676,676,12,2017-06-06 12:49:51.677272,15,7.550000000000000000
677,677,12,2017-06-02 12:35:26.027168,25,3.120000000000000000
678,678,12,2017-06-03 13:29:31.956937,25,7.550000000000000000
679,679,12,2017-06-05 08:22:20.122085,25,7.550000000000000000
680,680,12,2017-06-02 14:25:24.604342,25,3.120000000000000000
681,681,12,2017-06-03 15:40:04.774913,25,7.550000000000000000
682,682,12,2017-06-02 14:26:59.860637,5,7.550000000000000000
683,683,12,2017-06-04 17:14:33.572022,15,7.550000000000000000
684,684,12,2017-06-05 03:40:53.316734,25,7.550000000000000000
685,685,6,2017-06-07 07:59:25.153511,25,8.010000000000000000
686,686,12,2017-06-05 17:20:14.226292,25,7.550000000000000000
687,687,6,2017-06-05 17:34:14.317013,25,8.010000000000000000
688,688,12,2017-06-03 17:19:24.490486,25,7.550000000000000000
689,689,12,2017-06-07 16:22:29.201777,25,7.550000000000000000
690,690,12,2017-06-04 10:26:30.172861,25,7.550000000000000000
691,691,12,2017-06-05 00:51:46.402036,25,7.550000000000000000
692,692,12,2017-06-04 10:55:11.499482,5,7.550000000000000000
693,693,12,2017-06-02 11:59:48.280101,5,7.550000000000000000
694,694,12,2017-06-07 16:08:41.674038,5,7.550000000000000000
695,695,6,2017-06-04 23:12:32.319225,15,3.680000000000000000
696,696,12,2017-06-03 16:35:43.765793,25,7.550000000000000000
697,697,12,2017-06-08 23:10:35.722397,15,7.550000000000000000
698,698,12,2017-06-05 06:26:25.845588,15,7.550000000000000000
699,699,12,2017-06-05 05:49:33.083089,15,7.550000000000000000
700,700,12,2017-06-07 01:16:24.384487,15,7.550000000000000000
701,701,12,2017-06-08 08:27:31.814942,25,7.550000000000000000
702,702,12,2017-06-19 20:26:00.869207,15,7.550000000000000000
703,703,12,2017-06-08 05:13:07.662687,15,7.550000000000000000
704,704,12,2017-06-03 04:02:19.579610,15,7.550000000000000000
705,705,12,2017-06-05 21:05:10.818196,5,7.550000000000000000
706,706,12,2017-06-04 06:38:18.084422,5,7.550000000000000000
707,707,12,2017-06-05 18:19:38.931061,15,3.120000000000000000
708,708,12,2017-06-05 15:49:36.771481,15,7.550000000000000000
709,709,12,2017-06-03 21:19:28.507840,15,7.550000000000000000
710,710,9,2017-06-03 06:23:19.941147,25,7.490000000000000000
711,711,9,2017-06-03 17:19:37.216029,25,7.490000000000000000
712,712,12,2017-06-04 13:27:14.514174,15,7.550000000000000000
713,713,12,2017-06-07 10:12:47.683117,15,7.550000000000000000
714,714,12,2017-06-06 12:19:35.537199,15,7.550000000000000000
715,715,12,2017-06-06 12:58:09.796547,25,7.550000000000000000
716,716,12,2017-06-04 00:21:27.963936,25,3.120000000000000000
717,717,12,2017-06-05 02:29:27.931823,5,7.550000000000000000
718,718,12,2017-06-08 03:03:34.470687,15,7.550000000000000000
719,719,12,2017-06-11 12:43:49.648374,15,7.550000000000000000
720,720,12,2017-06-10 18:25:15.832524,5,7.550000000000000000
721,721,12,2017-06-07 01:24:51.231655,15,7.550000000000000000
722,722,12,2017-06-07 03:40:45.881552,15,7.550000000000000000
723,723,12,2017-06-09 14:07:14.495065,15,7.550000000000000000
724,724,12,2017-06-06 20:46:12.991553,15,7.550000000000000000
725,725,12,2017-06-11 21:39:12.748567,5,7.550000000000000000
726,726,12,2017-06-08 00:06:18.169093,15,7.550000000000000000
727,727,12,2017-06-09 16:18:47.672979,25,3.120000000000000000
728,728,6,2017-06-06 20:18:07.331883,15,8.010000000000000000
729,729,9,2017-06-07 11:58:13.741764,25,7.490000000000000000
730,730,9,2017-06-07 10:11:48.456712,5,7.490000000000000000
731,731,12,2017-06-11 13:30:30.237310,15,7.550000000000000000
732,732,12,2017-06-06 13:15:12.576384,15,7.550000000000000000
733,733,12,2017-06-07 18:03:23.324403,5,7.550000000000000000
734,734,12,2017-06-07 15:08:24.021796,25,7.550000000000000000
735,735,12,2017-06-09 20:49:53.606562,5,7.550000000000000000
736,736,12,2017-06-08 22:06:09.179827,5,3.120000000000000000
737,737,9,2017-06-12 14:28:43.507203,15,7.490000000000000000
738,738,12,2017-06-08 22:01:26.478956,15,7.550000000000000000
739,739,9,2017-06-08 09:42:50.205740,15,7.490000000000000000
740,740,12,2017-06-07 23:11:41.797966,15,5.150000000000000000
741,741,12,2017-06-12 02:26:37.551090,15,7.550000000000000000
742,742,12,2017-06-07 15:52:44.888784,25,7.550000000000000000
743,743,12,2017-06-07 06:01:07.074440,15,7.550000000000000000
744,744,12,2017-06-10 10:35:50.311303,15,7.550000000000000000
745,745,12,2017-06-13 09:47:38.425768,5,7.550000000000000000
746,746,12,2017-06-07 07:37:35.969409,15,7.550000000000000000
747,747,12,2017-06-07 18:29:41.901011,5,3.120000000000000000
748,748,12,2017-06-13 02:13:09.502456,25,7.550000000000000000
749,749,12,2017-06-13 13:56:17.917629,25,7.550000000000000000
750,750,12,2017-06-10 10:29:15.587168,25,7.550000000000000000
751,751,12,2017-06-07 20:37:50.063239,25,7.550000000000000000
752,752,12,2017-06-09 12:07:19.099780,5,3.120000000000000000
753,753,12,2017-06-11 14:10:59.202436,15,7.550000000000000000
754,754,12,2017-06-11 08:51:20.295837,25,7.550000000000000000
755,755,12,2017-06-09 06:05:29.654370,25,3.120000000000000000
756,756,12,2017-06-14 09:26:37.005406,25,7.550000000000000000
757,757,12,2017-06-09 08:38:47.939325,5,7.550000000000000000
758,758,12,2017-06-10 01:42:15.290002,15,7.550000000000000000
759,759,12,2017-06-10 09:42:58.898270,15,7.550000000000000000
760,760,12,2017-06-12 03:32:04.072954,5,3.120000000000000000
761,761,6,2017-06-12 02:29:08.587208,15,5.740000000000000000
762,762,12,2017-06-08 11:18:17.024731,15,7.550000000000000000
763,763,12,2017-06-13 22:26:49.779382,25,7.550000000000000000
764,764,12,2017-06-09 00:46:41.712981,25,7.550000000000000000
765,765,12,2017-06-09 07:30:38.098917,15,7.550000000000000000
766,766,6,2017-06-11 01:29:55.462062,25,8.010000000000000000
767,767,12,2017-06-12 17:46:07.707338,25,7.550000000000000000
768,768,12,2017-06-10 14:36:38.010003,15,7.550000000000000000
769,769,12,2017-06-10 15:01:10.664630,15,7.550000000000000000
770,770,6,2017-06-15 05:51:57.490560,15,8.010000000000000000
771,771,12,2017-06-12 06:31:17.406861,25,7.550000000000000000
772,772,12,2017-06-12 03:09:19.740220,15,7.550000000000000000
773,773,12,2017-06-15 10:58:23.207005,5,7.550000000000000000
774,774,12,2017-06-08 23:19:35.815791,15,3.120000000000000000
775,775,12,2017-06-13 09:37:15.392171,15,3.120000000000000000
776,776,12,2017-06-13 08:10:17.152948,25,7.550000000000000000
777,777,12,2017-06-11 02:30:52.206961,15,7.550000000000000000
778,778,12,2017-06-15 23:19:11.054128,25,7.550000000000000000
779,779,12,2017-06-14 11:16:50.256290,25,7.550000000000000000
780,780,9,2017-06-16 13:01:11.624400,15,3.250000000000000000
781,781,12,2017-06-15 01:53:46.210139,15,7.550000000000000000
782,782,12,2017-06-10 02:03:38.185294,25,7.550000000000000000
783,783,12,2017-06-17 03:34:37.180654,25,7.550000000000000000
784,784,12,2017-06-15 22:00:26.269749,15,7.550000000000000000
785,785,12,2017-09-12 12:50:49.523167,25,7.550000000000000000
786,786,12,2018-06-27 12:15:35.891383,15,7.550000000000000000
787,787,12,2019-04-26 16:49:01.534296,15,7.550000000000000000
